gaze_x,gaze_y,timestamp
469,745,2025-06-02 15:23:10.781339
483,748,2025-06-02 15:23:11.082015
485,750,2025-06-02 15:23:11.183092
488,756,2025-06-02 15:23:11.293321
995,362,2025-06-02 15:23:11.743909
1041,309,2025-06-02 15:23:11.982398
1049,295,2025-06-02 15:23:12.094851
1052,288,2025-06-02 15:23:12.198939
1053,283,2025-06-02 15:23:12.298752
1053,280,2025-06-02 15:23:12.406361
1050,279,2025-06-02 15:23:12.516213
1045,280,2025-06-02 15:23:12.626236
1527,909,2025-06-02 15:23:13.391659
1520,923,2025-06-02 15:23:13.514133
1512,928,2025-06-02 15:23:13.624984
1501,929,2025-06-02 15:23:13.740613
1484,928,2025-06-02 15:23:13.863472
1445,923,2025-06-02 15:23:14.073563
660,320,2025-06-02 15:23:14.763666
661,322,2025-06-02 15:23:14.873517
661,322,2025-06-02 15:23:14.980982
663,324,2025-06-02 15:23:15.089173
664,326,2025-06-02 15:23:15.197391
664,329,2025-06-02 15:23:15.307936
310,860,2025-06-02 15:23:15.979238
301,867,2025-06-02 15:23:16.085735
298,872,2025-06-02 15:23:16.195834
300,880,2025-06-02 15:23:16.305694
332,1014,2025-06-02 15:23:17.082606
764,892,2025-06-02 15:23:17.657527
859,905,2025-06-02 15:23:17.986132
859,911,2025-06-02 15:23:18.104612
857,914,2025-06-02 15:23:18.210780
856,914,2025-06-02 15:23:18.311012
856,915,2025-06-02 15:23:18.419983
855,916,2025-06-02 15:23:18.527165
850,922,2025-06-02 15:23:18.630615
781,222,2025-06-02 15:24:13.758278
922,297,2025-06-02 15:24:14.227702
987,340,2025-06-02 15:24:14.653539
1000,350,2025-06-02 15:24:14.797254
1010,358,2025-06-02 15:24:14.925518
1016,364,2025-06-02 15:24:15.063224
260,595,2025-06-02 15:24:15.732281
250,666,2025-06-02 15:24:16.531874
255,654,2025-06-02 15:24:16.664217
263,643,2025-06-02 15:24:16.797699
269,635,2025-06-02 15:24:16.930385
263,626,2025-06-02 15:24:17.064810
262,619,2025-06-02 15:24:17.197076
267,617,2025-06-02 15:24:17.331175
279,611,2025-06-02 15:24:17.463708
287,606,2025-06-02 15:24:17.597778
294,603,2025-06-02 15:24:17.730373
301,595,2025-06-02 15:24:17.863055
302,590,2025-06-02 15:24:17.998342
300,585,2025-06-02 15:24:18.130800
289,574,2025-06-02 15:24:18.263741
281,562,2025-06-02 15:24:18.396976
273,554,2025-06-02 15:24:18.530070
267,555,2025-06-02 15:24:18.661958
257,558,2025-06-02 15:24:18.796665
247,556,2025-06-02 15:24:18.929846
242,554,2025-06-02 15:24:19.062187
241,547,2025-06-02 15:24:19.195500
241,543,2025-06-02 15:24:19.329467
242,539,2025-06-02 15:24:19.462686
243,536,2025-06-02 15:24:19.597012
239,529,2025-06-02 15:24:19.729377
242,523,2025-06-02 15:24:19.862053
242,519,2025-06-02 15:24:19.995602
178,537,2025-06-02 15:24:20.261158
223,498,2025-06-02 15:24:20.661233
466,297,2025-06-02 15:24:21.202076
633,250,2025-06-02 15:24:22.009517
723,250,2025-06-02 15:24:22.527020
1162,870,2025-06-02 15:24:23.342846
1164,873,2025-06-02 15:24:23.476501
1165,877,2025-06-02 15:24:23.609058
1158,878,2025-06-02 15:24:23.742773
1151,877,2025-06-02 15:24:23.879617
438,756,2025-06-02 15:25:27.580919
432,761,2025-06-02 15:25:27.941130
438,771,2025-06-02 15:25:28.083930
721,802,2025-06-02 15:25:28.490807
1449,180,2025-06-02 15:25:29.441523
1446,171,2025-06-02 15:25:29.574279
1437,160,2025-06-02 15:25:29.722574
1431,158,2025-06-02 15:25:29.840165
1535,959,2025-06-02 15:25:30.357525
1523,948,2025-06-02 15:25:30.489814
1514,935,2025-06-02 15:25:30.623596
1506,923,2025-06-02 15:25:30.756210
566,676,2025-06-02 15:28:13.163724
572,674,2025-06-02 15:28:13.531525
828,483,2025-06-02 15:28:13.789838
907,417,2025-06-02 15:28:14.328034
916,411,2025-06-02 15:28:14.461011
920,407,2025-06-02 15:28:14.595092
925,404,2025-06-02 15:28:14.731614
928,402,2025-06-02 15:28:14.862178
799,355,2025-06-02 15:28:15.120476
638,442,2025-06-02 15:28:15.910026
654,350,2025-06-02 15:28:16.293778
653,342,2025-06-02 15:28:16.427174
663,335,2025-06-02 15:28:16.560347
664,331,2025-06-02 15:28:16.709772
315,328,2025-06-02 15:28:17.392915
309,327,2025-06-02 15:28:17.526538
291,356,2025-06-02 15:28:17.792297
301,359,2025-06-02 15:28:17.937413
337,358,2025-06-02 15:28:18.191989
621,319,2025-06-02 15:28:18.873538
694,311,2025-06-02 15:28:19.124867
708,312,2025-06-02 15:28:19.258477
718,313,2025-06-02 15:28:19.391116
408,241,2025-06-02 15:28:19.798408
298,196,2025-06-02 15:28:20.224654
291,190,2025-06-02 15:28:20.359524
841,142,2025-06-02 15:28:21.032880
1457,705,2025-06-02 15:28:21.718598
1487,849,2025-06-02 15:28:22.122038
1483,854,2025-06-02 15:28:22.256153
1470,853,2025-06-02 15:28:22.415212
1455,850,2025-06-02 15:28:22.554596
1440,850,2025-06-02 15:28:22.700406
453,747,2025-06-02 15:28:23.348500
415,738,2025-06-02 15:28:23.616079
409,740,2025-06-02 15:28:23.769354
406,732,2025-06-02 15:28:23.888458
409,728,2025-06-02 15:28:24.021194
414,724,2025-06-02 15:28:24.154202
381,384,2025-06-02 15:28:24.564343
328,318,2025-06-02 15:28:24.836951
335,302,2025-06-02 15:28:24.974374
348,301,2025-06-02 15:28:25.119406
356,299,2025-06-02 15:28:25.253655
363,308,2025-06-02 15:28:25.385580
272,554,2025-06-02 15:30:30.447675
557,463,2025-06-02 15:30:31.048638
1053,499,2025-06-02 15:30:31.978108
1178,698,2025-06-02 15:30:32.536674
1177,708,2025-06-02 15:30:32.669432
1170,714,2025-06-02 15:30:32.803120
526,854,2025-06-02 15:30:33.869017
522,838,2025-06-02 15:30:34.002508
515,828,2025-06-02 15:30:34.135715
510,814,2025-06-02 15:30:34.269569
392,860,2025-06-02 15:30:34.801190
400,843,2025-06-02 15:30:34.919404
297,774,2025-06-02 15:30:35.333605
288,522,2025-06-02 15:30:36.323848
274,510,2025-06-02 15:30:36.464912
271,504,2025-06-02 15:30:36.593455
271,499,2025-06-02 15:30:36.732992
287,488,2025-06-02 15:30:36.849933
306,302,2025-06-02 15:30:38.236325
302,284,2025-06-02 15:30:38.381123
301,281,2025-06-02 15:30:38.498244
308,290,2025-06-02 15:30:38.616670
399,357,2025-06-02 15:30:39.156973
490,298,2025-06-02 15:30:39.683121
499,293,2025-06-02 15:30:39.815586
505,306,2025-06-02 15:30:39.948462
490,435,2025-06-02 15:30:40.231050
495,427,2025-06-02 15:30:40.364166
385,552,2025-06-02 15:30:40.637089
389,548,2025-06-02 15:30:40.779545
471,454,2025-06-02 15:30:41.030406
476,453,2025-06-02 15:30:41.163366
484,449,2025-06-02 15:30:41.297881
493,446,2025-06-02 15:30:41.446200
504,449,2025-06-02 15:30:41.578877
514,451,2025-06-02 15:30:41.711505
523,455,2025-06-02 15:30:41.833517
414,553,2025-06-02 15:30:42.104682
300,610,2025-06-02 15:30:42.390088
298,781,2025-06-02 15:30:42.923090
406,820,2025-06-02 15:30:43.171343
465,829,2025-06-02 15:30:43.561531
474,833,2025-06-02 15:30:43.699217
466,839,2025-06-02 15:30:43.844540
293,839,2025-06-02 15:30:44.119580
253,840,2025-06-02 15:30:44.399456
246,840,2025-06-02 15:30:44.527970
236,826,2025-06-02 15:30:44.676447
305,441,2025-06-02 15:30:45.759704
409,378,2025-06-02 15:30:46.152704
513,329,2025-06-02 15:30:46.675620
380,320,2025-06-02 15:30:46.956236
295,317,2025-06-02 15:30:47.226635
283,314,2025-06-02 15:30:47.359508
449,277,2025-06-02 15:30:47.617941
633,301,2025-06-02 15:30:48.675166
645,307,2025-06-02 15:30:48.807947
654,314,2025-06-02 15:30:48.940478
660,315,2025-06-02 15:30:49.080825
569,390,2025-06-02 15:30:49.357950
567,382,2025-06-02 15:30:49.490053
568,379,2025-06-02 15:30:49.624243
576,383,2025-06-02 15:30:49.761553
595,419,2025-06-02 15:30:50.040363
599,425,2025-06-02 15:30:50.172314
604,425,2025-06-02 15:30:50.290299
586,266,2025-06-02 15:30:50.700562
580,182,2025-06-02 15:30:50.956643
581,174,2025-06-02 15:30:51.089806
579,189,2025-06-02 15:30:51.237071
584,250,2025-06-02 15:30:51.496987
597,282,2025-06-02 15:30:51.771237
603,290,2025-06-02 15:30:51.907072
617,296,2025-06-02 15:30:52.054054
625,307,2025-06-02 15:30:52.188681
633,311,2025-06-02 15:30:52.320508
634,316,2025-06-02 15:30:52.454348
622,328,2025-06-02 15:30:52.587524
611,328,2025-06-02 15:30:52.736420
605,329,2025-06-02 15:30:52.854921
598,328,2025-06-02 15:30:52.988078
587,329,2025-06-02 15:30:53.121693
584,329,2025-06-02 15:30:53.257462
586,327,2025-06-02 15:30:53.407638
589,326,2025-06-02 15:30:53.537526
591,328,2025-06-02 15:30:53.674676
594,327,2025-06-02 15:30:53.819523
596,327,2025-06-02 15:30:53.954388
598,327,2025-06-02 15:30:54.087253
600,328,2025-06-02 15:30:54.220253
602,329,2025-06-02 15:30:54.354272
352,358,2025-06-02 15:30:54.756293
335,368,2025-06-02 15:30:54.920242
347,363,2025-06-02 15:30:55.053700
541,363,2025-06-02 15:30:55.852232
547,366,2025-06-02 15:30:56.000504
553,367,2025-06-02 15:30:56.134800
556,367,2025-06-02 15:30:56.268482
545,465,2025-06-02 15:30:56.550236
554,457,2025-06-02 15:30:56.688183
561,449,2025-06-02 15:30:56.834264
596,399,2025-06-02 15:30:57.250657
597,397,2025-06-02 15:30:57.384191
501,444,2025-06-02 15:30:57.650615
517,444,2025-06-02 15:30:57.786430
531,447,2025-06-02 15:30:57.931842
526,627,2025-06-02 15:30:58.324940
592,833,2025-06-02 15:30:58.865769
1166,350,2025-06-02 15:30:59.815149
1172,347,2025-06-02 15:30:59.948916
484,1045,2025-06-02 15:31:00.483564
753,635,2025-06-02 15:31:01.030215
945,932,2025-06-02 15:31:02.219182
942,916,2025-06-02 15:31:02.362762
941,903,2025-06-02 15:31:02.480754
1487,214,2025-06-02 15:31:03.279636
1483,203,2025-06-02 15:31:03.428496
1468,202,2025-06-02 15:31:03.562627
1460,205,2025-06-02 15:31:03.695884
1449,208,2025-06-02 15:31:03.830657
1438,209,2025-06-02 15:31:03.962296
1423,213,2025-06-02 15:31:04.096064
1408,216,2025-06-02 15:31:04.228921
1398,223,2025-06-02 15:31:04.361785
936,883,2025-06-02 15:31:04.894899
931,889,2025-06-02 15:31:05.027452
920,887,2025-06-02 15:31:05.161589
910,887,2025-06-02 15:31:05.294385
906,888,2025-06-02 15:31:05.428139
902,889,2025-06-02 15:31:05.561022
897,889,2025-06-02 15:31:05.694214
894,886,2025-06-02 15:31:05.827837
892,879,2025-06-02 15:31:05.964389
887,874,2025-06-02 15:31:06.093795
884,871,2025-06-02 15:31:06.227683
881,868,2025-06-02 15:31:06.360224
879,865,2025-06-02 15:31:06.493593
878,860,2025-06-02 15:31:06.627504
877,857,2025-06-02 15:31:06.768526
1293,343,2025-06-02 15:31:07.311143
1299,337,2025-06-02 15:31:07.443226
1301,330,2025-06-02 15:31:07.576571
1297,318,2025-06-02 15:31:07.709179
1292,316,2025-06-02 15:31:07.842235
1286,315,2025-06-02 15:31:07.975182
1280,314,2025-06-02 15:31:08.094063
1271,315,2025-06-02 15:31:08.242667
1258,314,2025-06-02 15:31:08.375522
1248,315,2025-06-02 15:31:08.511335
1238,321,2025-06-02 15:31:08.657289
889,860,2025-06-02 15:31:09.197301
886,868,2025-06-02 15:31:09.325855
873,878,2025-06-02 15:31:09.458189
862,884,2025-06-02 15:31:09.590576
859,888,2025-06-02 15:31:09.735725
858,891,2025-06-02 15:31:09.875413
860,884,2025-06-02 15:31:10.007366
1185,414,2025-06-02 15:31:10.556567
1184,408,2025-06-02 15:31:10.690646
1177,402,2025-06-02 15:31:10.824383
1172,403,2025-06-02 15:31:10.956733
1169,406,2025-06-02 15:31:11.090252
918,870,2025-06-02 15:31:11.640305
915,875,2025-06-02 15:31:11.772867
922,881,2025-06-02 15:31:11.904938
1150,493,2025-06-02 15:31:12.297545
1187,435,2025-06-02 15:31:12.557170
1188,420,2025-06-02 15:31:12.690493
1180,423,2025-06-02 15:31:12.839859
1176,424,2025-06-02 15:31:12.972717
1171,426,2025-06-02 15:31:13.105000
1159,427,2025-06-02 15:31:13.254736
1151,428,2025-06-02 15:31:13.388066
1136,429,2025-06-02 15:31:13.524763
697,386,2025-06-02 15:31:13.781126
456,391,2025-06-02 15:31:14.188522
450,394,2025-06-02 15:31:14.325179
448,395,2025-06-02 15:31:14.469694
448,393,2025-06-02 15:31:14.606934
450,391,2025-06-02 15:31:14.753489
452,392,2025-06-02 15:31:14.888037
454,392,2025-06-02 15:31:15.025832
458,394,2025-06-02 15:31:15.169617
461,395,2025-06-02 15:31:15.318413
462,396,2025-06-02 15:31:15.452617
1024,590,2025-06-02 15:31:15.726235
1252,664,2025-06-02 15:31:16.166757
1250,663,2025-06-02 15:31:16.287676
1248,663,2025-06-02 15:31:16.427098
1246,663,2025-06-02 15:31:16.567742
1245,660,2025-06-02 15:31:16.702471
1243,660,2025-06-02 15:31:16.854925
1242,653,2025-06-02 15:31:17.001153
579,1005,2025-06-02 15:31:17.567161
883,853,2025-06-02 15:31:18.250296
917,885,2025-06-02 15:31:18.532902
920,893,2025-06-02 15:31:18.680845
920,897,2025-06-02 15:31:18.829659
923,901,2025-06-02 15:31:18.967032
926,902,2025-06-02 15:31:19.112799
928,905,2025-06-02 15:31:19.263512
930,906,2025-06-02 15:31:19.402976
932,908,2025-06-02 15:31:19.548764
779,989,2025-06-02 15:31:20.235436
878,940,2025-06-02 15:31:20.783128
675,484,2025-06-02 15:31:48.413102
776,476,2025-06-02 15:31:48.893587
793,480,2025-06-02 15:31:49.028181
806,489,2025-06-02 15:31:49.171784
821,497,2025-06-02 15:31:49.309170
830,501,2025-06-02 15:31:49.443974
834,506,2025-06-02 15:31:49.581275
841,516,2025-06-02 15:31:49.726601
846,523,2025-06-02 15:31:49.875009
853,532,2025-06-02 15:31:50.007822
858,536,2025-06-02 15:31:50.126919
859,541,2025-06-02 15:31:50.259254
842,546,2025-06-02 15:31:50.393688
279,305,2025-06-02 15:31:50.926252
275,298,2025-06-02 15:31:51.059151
270,294,2025-06-02 15:31:51.193182
274,288,2025-06-02 15:31:51.325867
288,286,2025-06-02 15:31:51.458200
552,259,2025-06-02 15:31:51.883762
1375,227,2025-06-02 15:31:53.123457
1568,203,2025-06-02 15:31:53.690327
1578,214,2025-06-02 15:31:53.823187
1503,376,2025-06-02 15:31:54.235795
1186,469,2025-06-02 15:31:54.513861
521,524,2025-06-02 15:31:55.070652
422,539,2025-06-02 15:31:55.606251
419,541,2025-06-02 15:31:55.755993
434,549,2025-06-02 15:31:55.905130
583,656,2025-06-02 15:31:56.186585
613,688,2025-06-02 15:31:56.463792
622,700,2025-06-02 15:31:56.604904
630,711,2025-06-02 15:31:56.737682
634,717,2025-06-02 15:31:56.888069
637,720,2025-06-02 15:31:57.021086
639,722,2025-06-02 15:31:57.153799
642,724,2025-06-02 15:31:57.288381
642,726,2025-06-02 15:31:57.420165
637,728,2025-06-02 15:31:57.554639
310,608,2025-06-02 15:31:58.103621
326,446,2025-06-02 15:31:58.530272
419,305,2025-06-02 15:31:59.369216
433,298,2025-06-02 15:31:59.501885
447,294,2025-06-02 15:31:59.635970
708,263,2025-06-02 15:32:00.207676
862,522,2025-06-02 15:32:00.890333
676,715,2025-06-02 15:32:01.874921
499,557,2025-06-02 15:32:02.132143
236,573,2025-06-02 15:32:03.499688
236,584,2025-06-02 15:32:03.632956
230,588,2025-06-02 15:32:03.780932
230,596,2025-06-02 15:32:03.915258
232,603,2025-06-02 15:32:04.048423
235,640,2025-06-02 15:32:04.315433
234,649,2025-06-02 15:32:04.448137
222,804,2025-06-02 15:32:05.123339
220,817,2025-06-02 15:32:05.274962
283,220,2025-06-02 15:32:06.247469
292,211,2025-06-02 15:32:06.379508
309,211,2025-06-02 15:32:06.498962
830,815,2025-06-02 15:32:07.429194
835,829,2025-06-02 15:32:07.567033
842,842,2025-06-02 15:32:07.698595
845,849,2025-06-02 15:32:07.829597
847,852,2025-06-02 15:32:07.961921
483,301,2025-06-02 15:32:08.499479
456,279,2025-06-02 15:32:08.778466
463,270,2025-06-02 15:32:08.927485
468,272,2025-06-02 15:32:09.061261
472,274,2025-06-02 15:32:09.200168
476,276,2025-06-02 15:32:09.343320
484,276,2025-06-02 15:32:09.477617
497,278,2025-06-02 15:32:09.611232
796,477,2025-06-02 15:32:09.869892
1097,689,2025-06-02 15:32:10.287712
1109,710,2025-06-02 15:32:10.593056
1112,706,2025-06-02 15:32:10.743485
1111,703,2025-06-02 15:32:10.876529
1110,700,2025-06-02 15:32:11.010060
1109,695,2025-06-02 15:32:11.142854
1105,689,2025-06-02 15:32:11.282458
1104,683,2025-06-02 15:32:11.426107
1108,669,2025-06-02 15:32:11.560055
1161,551,2025-06-02 15:32:11.967897
800,503,2025-06-02 15:32:12.238568
559,485,2025-06-02 15:32:13.103098
506,528,2025-06-02 15:32:13.374550
525,508,2025-06-02 15:32:13.641326
526,510,2025-06-02 15:32:13.779884
532,513,2025-06-02 15:32:13.924039
536,514,2025-06-02 15:32:14.057184
536,512,2025-06-02 15:32:14.191255
526,451,2025-06-02 15:32:14.574575
534,427,2025-06-02 15:32:14.840926
543,422,2025-06-02 15:32:14.973153
551,423,2025-06-02 15:32:15.106632
558,427,2025-06-02 15:32:15.240309
572,429,2025-06-02 15:32:15.389594
585,430,2025-06-02 15:32:15.523095
592,433,2025-06-02 15:32:15.660076
598,436,2025-06-02 15:32:15.789486
515,599,2025-06-02 15:32:47.329221
524,584,2025-06-02 15:32:47.464383
558,541,2025-06-02 15:32:47.897017
567,531,2025-06-02 15:32:48.030923
587,501,2025-06-02 15:32:48.302355
361,444,2025-06-02 15:32:48.587482
282,432,2025-06-02 15:32:48.856659
253,316,2025-06-02 15:32:49.258231
258,278,2025-06-02 15:32:49.528519
500,296,2025-06-02 15:32:50.356998
1544,232,2025-06-02 15:32:51.585882
1605,219,2025-06-02 15:32:51.845509
1637,209,2025-06-02 15:32:52.110976
1645,207,2025-06-02 15:32:52.261069
1652,204,2025-06-02 15:32:52.394251
1657,205,2025-06-02 15:32:52.531258
1330,521,2025-06-02 15:32:53.078011
1091,693,2025-06-02 15:32:53.351513
899,791,2025-06-02 15:32:53.618869
673,807,2025-06-02 15:32:54.187294
656,800,2025-06-02 15:32:54.325247
647,799,2025-06-02 15:32:54.456746
641,796,2025-06-02 15:32:54.591961
639,793,2025-06-02 15:32:54.725148
376,775,2025-06-02 15:32:54.993338
1120,301,2025-06-02 15:32:56.202386
1135,295,2025-06-02 15:32:56.328342
1142,296,2025-06-02 15:32:56.472818
1144,295,2025-06-02 15:32:56.608252
1143,289,2025-06-02 15:32:56.757524
1140,289,2025-06-02 15:32:56.906306
1138,286,2025-06-02 15:32:57.023647
1134,287,2025-06-02 15:32:57.160511
1129,286,2025-06-02 15:32:57.306495
1124,287,2025-06-02 15:32:57.443719
1119,287,2025-06-02 15:32:57.588593
1116,287,2025-06-02 15:32:57.706372
1113,287,2025-06-02 15:32:57.839469
1110,287,2025-06-02 15:32:57.973354
1107,286,2025-06-02 15:32:58.106093
1104,287,2025-06-02 15:32:58.240247
1100,289,2025-06-02 15:32:58.374120
1097,290,2025-06-02 15:32:58.521573
730,319,2025-06-02 15:32:58.786334
312,337,2025-06-02 15:32:59.225147
278,349,2025-06-02 15:32:59.490321
272,351,2025-06-02 15:32:59.622683
266,349,2025-06-02 15:32:59.766529
262,349,2025-06-02 15:32:59.891749
266,351,2025-06-02 15:33:00.052085
281,356,2025-06-02 15:33:00.188523
289,359,2025-06-02 15:33:00.321372
295,362,2025-06-02 15:33:00.463842
464,457,2025-06-02 15:33:00.730066
965,755,2025-06-02 15:33:00.994709
1118,846,2025-06-02 15:33:01.434848
1124,850,2025-06-02 15:33:01.570271
1126,852,2025-06-02 15:33:01.719538
1124,851,2025-06-02 15:33:01.865780
1119,845,2025-06-02 15:33:02.003342
1113,839,2025-06-02 15:33:02.137334
1107,835,2025-06-02 15:33:02.270391
1105,831,2025-06-02 15:33:02.413955
257,402,2025-06-02 15:33:27.315889
381,207,2025-06-02 15:33:28.383083
539,357,2025-06-02 15:33:29.081541
553,363,2025-06-02 15:33:29.216373
697,398,2025-06-02 15:33:29.493128
777,414,2025-06-02 15:33:29.881435
1070,345,2025-06-02 15:33:30.673013
1136,331,2025-06-02 15:33:30.948083
1148,331,2025-06-02 15:33:31.080778
1156,349,2025-06-02 15:33:31.218050
770,844,2025-06-02 15:33:32.165547
758,840,2025-06-02 15:33:32.306039
746,839,2025-06-02 15:33:32.445768
742,836,2025-06-02 15:33:32.591288
738,834,2025-06-02 15:33:32.727769
736,830,2025-06-02 15:33:32.846508
735,824,2025-06-02 15:33:32.978967
736,820,2025-06-02 15:33:33.111660
736,816,2025-06-02 15:33:33.245354
735,812,2025-06-02 15:33:33.378517
734,800,2025-06-02 15:33:33.512488
378,448,2025-06-02 15:33:34.060441
371,443,2025-06-02 15:33:34.193950
369,439,2025-06-02 15:33:34.329088
371,429,2025-06-02 15:33:34.460992
376,427,2025-06-02 15:33:34.594061
382,427,2025-06-02 15:33:34.727708
386,424,2025-06-02 15:33:34.860573
390,422,2025-06-02 15:33:34.978000
395,421,2025-06-02 15:33:35.127757
406,422,2025-06-02 15:33:35.261118
421,421,2025-06-02 15:33:35.394251
1071,774,2025-06-02 15:33:36.043446
1081,778,2025-06-02 15:33:36.192276
1085,781,2025-06-02 15:33:36.326529
1088,781,2025-06-02 15:33:36.476083
1089,779,2025-06-02 15:33:36.609713
1088,776,2025-06-02 15:33:36.747899
1088,774,2025-06-02 15:33:36.876741
1073,781,2025-06-02 15:33:37.010356
610,629,2025-06-02 15:34:05.451911
600,620,2025-06-02 15:34:05.801857
599,618,2025-06-02 15:34:05.941829
776,535,2025-06-02 15:34:06.355898
818,515,2025-06-02 15:34:06.634867
828,508,2025-06-02 15:34:06.769189
833,500,2025-06-02 15:34:06.902351
842,489,2025-06-02 15:34:07.042567
844,478,2025-06-02 15:34:07.185347
740,407,2025-06-02 15:34:07.449268
597,375,2025-06-02 15:34:07.984683
592,378,2025-06-02 15:34:08.117991
298,430,2025-06-02 15:34:08.833237
204,495,2025-06-02 15:34:09.142543
212,490,2025-06-02 15:34:09.267224
217,486,2025-06-02 15:34:09.400573
223,484,2025-06-02 15:34:09.533139
228,484,2025-06-02 15:34:09.666817
232,482,2025-06-02 15:34:09.800150
239,484,2025-06-02 15:34:09.944914
252,664,2025-06-02 15:34:10.613815
281,631,2025-06-02 15:34:10.866947
287,623,2025-06-02 15:34:11.000431
292,618,2025-06-02 15:34:11.148815
845,420,2025-06-02 15:34:11.981491
848,418,2025-06-02 15:34:12.125040
851,415,2025-06-02 15:34:12.263640
854,412,2025-06-02 15:34:12.382231
858,410,2025-06-02 15:34:12.514487
861,410,2025-06-02 15:34:12.647658
862,408,2025-06-02 15:34:12.782066
952,800,2025-06-02 15:34:13.209173
966,830,2025-06-02 15:34:13.496032
972,832,2025-06-02 15:34:13.661815
972,829,2025-06-02 15:34:13.779565
974,821,2025-06-02 15:34:13.898822
976,812,2025-06-02 15:34:14.030745
1347,493,2025-06-02 15:34:14.437533
1350,455,2025-06-02 15:34:14.697486
1345,444,2025-06-02 15:34:14.828852
1338,430,2025-06-02 15:34:14.995304
1325,417,2025-06-02 15:34:15.129026
1313,410,2025-06-02 15:34:15.266700
1304,404,2025-06-02 15:34:15.412366
1048,358,2025-06-02 15:34:15.672093
943,347,2025-06-02 15:34:16.094016
936,345,2025-06-02 15:34:16.212862
931,345,2025-06-02 15:34:16.351464
926,344,2025-06-02 15:34:16.494386
922,344,2025-06-02 15:34:16.628068
918,343,2025-06-02 15:34:16.782042
915,344,2025-06-02 15:34:16.930704
369,468,2025-06-02 15:34:17.502363
355,467,2025-06-02 15:34:17.797315
360,465,2025-06-02 15:34:17.927890
363,461,2025-06-02 15:34:18.093020
368,459,2025-06-02 15:34:18.225639
371,457,2025-06-02 15:34:18.352691
377,456,2025-06-02 15:34:18.478445
384,455,2025-06-02 15:34:18.610604
389,453,2025-06-02 15:34:18.752975
786,675,2025-06-02 15:34:19.293155
790,673,2025-06-02 15:34:19.426147
794,669,2025-06-02 15:34:19.571097
800,667,2025-06-02 15:34:19.725001
803,665,2025-06-02 15:34:19.857682
805,664,2025-06-02 15:34:19.992635
807,663,2025-06-02 15:34:20.127479
808,663,2025-06-02 15:34:20.259973
809,661,2025-06-02 15:34:20.392593
555,615,2025-06-02 15:34:20.673363
464,600,2025-06-02 15:34:21.058618
455,597,2025-06-02 15:34:21.194693
451,596,2025-06-02 15:34:21.324850
449,590,2025-06-02 15:34:21.458894
454,585,2025-06-02 15:34:21.591048
457,580,2025-06-02 15:34:21.725270
397,429,2025-06-02 15:34:21.983176
378,383,2025-06-02 15:34:22.239878
388,370,2025-06-02 15:34:22.374240
389,361,2025-06-02 15:34:22.507500
374,361,2025-06-02 15:34:22.639913
248,819,2025-06-02 15:34:23.339032
903,852,2025-06-02 15:34:24.138883
909,842,2025-06-02 15:34:24.272697
913,836,2025-06-02 15:34:24.405918
909,832,2025-06-02 15:34:24.539136
910,828,2025-06-02 15:34:24.675524
502,805,2025-06-02 15:34:25.080637
346,814,2025-06-02 15:34:25.505125
341,805,2025-06-02 15:34:25.637731
342,800,2025-06-02 15:34:25.771986
342,795,2025-06-02 15:34:25.904181
719,297,2025-06-02 15:34:26.446285
732,283,2025-06-02 15:34:26.585196
739,279,2025-06-02 15:34:26.704282
746,276,2025-06-02 15:34:26.836767
750,276,2025-06-02 15:34:26.981744
753,275,2025-06-02 15:34:27.125367
754,272,2025-06-02 15:34:27.258957
757,274,2025-06-02 15:34:27.403116
767,286,2025-06-02 15:34:27.537153
1130,835,2025-06-02 15:34:28.469115
1126,827,2025-06-02 15:34:28.602877
1122,819,2025-06-02 15:34:28.735723
1118,811,2025-06-02 15:34:28.869692
1115,805,2025-06-02 15:34:29.002263
1112,798,2025-06-02 15:34:29.135897
1108,790,2025-06-02 15:34:29.268760
1103,782,2025-06-02 15:34:29.401457
831,652,2025-06-02 15:34:29.667692
634,545,2025-06-02 15:34:29.943095
582,500,2025-06-02 15:34:30.216774
580,495,2025-06-02 15:34:30.337525
582,487,2025-06-02 15:34:30.467842
584,478,2025-06-02 15:34:30.605130
589,476,2025-06-02 15:34:30.761825
596,475,2025-06-02 15:34:30.900579
851,321,2025-06-02 15:34:31.190151
901,289,2025-06-02 15:34:31.451491
903,288,2025-06-02 15:34:31.583456
908,286,2025-06-02 15:34:31.716660
910,279,2025-06-02 15:34:31.865350
910,276,2025-06-02 15:34:31.983873
909,275,2025-06-02 15:34:32.116136
1287,716,2025-06-02 15:34:32.798771
1285,725,2025-06-02 15:34:32.932703
1276,727,2025-06-02 15:34:33.065107
1270,724,2025-06-02 15:34:33.198536
1264,718,2025-06-02 15:34:33.338007
1253,712,2025-06-02 15:34:33.481473
1243,705,2025-06-02 15:34:33.615002
767,521,2025-06-02 15:34:34.298621
762,516,2025-06-02 15:34:34.430658
752,508,2025-06-02 15:34:34.580687
746,504,2025-06-02 15:34:34.713873
745,501,2025-06-02 15:34:34.847029
747,498,2025-06-02 15:34:34.980513
750,494,2025-06-02 15:34:35.113620
743,490,2025-06-02 15:34:35.246708
383,478,2025-06-02 15:34:35.796925
353,431,2025-06-02 15:34:36.212526
352,429,2025-06-02 15:34:36.350900
350,427,2025-06-02 15:34:36.495759
364,415,2025-06-02 15:34:36.633486
372,410,2025-06-02 15:34:36.767920
638,281,2025-06-02 15:34:37.168263
693,259,2025-06-02 15:34:37.477426
700,257,2025-06-02 15:34:37.617755
705,258,2025-06-02 15:34:37.768956
710,262,2025-06-02 15:34:37.911214
714,261,2025-06-02 15:34:38.044318
727,261,2025-06-02 15:34:38.179567
737,265,2025-06-02 15:34:38.315533
952,844,2025-06-02 15:34:39.151730
798,885,2025-06-02 15:34:39.858546
745,885,2025-06-02 15:34:40.126668
396,696,2025-06-02 15:35:28.654946
918,796,2025-06-02 15:35:30.368603
924,803,2025-06-02 15:35:30.488665
930,808,2025-06-02 15:35:30.621276
926,810,2025-06-02 15:35:30.754719
924,812,2025-06-02 15:35:30.886842
921,813,2025-06-02 15:35:31.020562
917,813,2025-06-02 15:35:31.153473
916,811,2025-06-02 15:35:31.286882
916,808,2025-06-02 15:35:31.420214
914,806,2025-06-02 15:35:31.584520
289,784,2025-06-02 15:35:32.160207
272,486,2025-06-02 15:35:32.577224
586,312,2025-06-02 15:35:33.138965
929,303,2025-06-02 15:35:33.852199
935,300,2025-06-02 15:35:33.987529
939,302,2025-06-02 15:35:34.117362
942,300,2025-06-02 15:35:34.254358
945,298,2025-06-02 15:35:34.387195
948,297,2025-06-02 15:35:34.541404
290,356,2025-06-02 15:35:35.400188
300,368,2025-06-02 15:35:35.541237
318,370,2025-06-02 15:35:35.682590
1297,297,2025-06-02 15:35:36.486697
1305,299,2025-06-02 15:35:36.646095
1310,302,2025-06-02 15:35:36.797945
1314,302,2025-06-02 15:35:36.942829
1317,304,2025-06-02 15:35:37.081386
1317,305,2025-06-02 15:35:37.215962
1315,306,2025-06-02 15:35:37.348914
343,375,2025-06-02 15:35:37.999627
340,376,2025-06-02 15:35:38.134775
337,373,2025-06-02 15:35:38.280653
342,370,2025-06-02 15:35:38.413608
346,366,2025-06-02 15:35:38.562085
1227,450,2025-06-02 15:35:39.363371
1231,452,2025-06-02 15:35:39.514064
1229,454,2025-06-02 15:35:39.663478
1228,451,2025-06-02 15:35:39.799600
1226,452,2025-06-02 15:35:39.949400
1223,452,2025-06-02 15:35:40.095616
1220,453,2025-06-02 15:35:40.229404
302,488,2025-06-02 15:35:40.896489
299,489,2025-06-02 15:35:41.028555
299,487,2025-06-02 15:35:41.162082
303,484,2025-06-02 15:35:41.310799
308,484,2025-06-02 15:35:41.446973
473,667,2025-06-02 15:35:41.757213
516,720,2025-06-02 15:35:42.028838
525,719,2025-06-02 15:35:42.163386
532,717,2025-06-02 15:35:42.295281
536,716,2025-06-02 15:35:42.427841
539,714,2025-06-02 15:35:42.561213
419,1045,2025-06-02 15:35:43.106517
553,803,2025-06-02 15:35:43.641966
651,444,2025-06-02 15:36:12.192282
666,438,2025-06-02 15:36:12.539853
672,438,2025-06-02 15:36:12.695904
691,441,2025-06-02 15:36:12.837329
709,447,2025-06-02 15:36:12.970166
1197,675,2025-06-02 15:36:13.685363
1228,693,2025-06-02 15:36:13.968634
343,684,2025-06-02 15:36:14.510678
309,677,2025-06-02 15:36:14.796454
1226,313,2025-06-02 15:36:15.469510
1238,307,2025-06-02 15:36:15.603131
1243,306,2025-06-02 15:36:15.735339
1246,304,2025-06-02 15:36:15.867810
1249,302,2025-06-02 15:36:16.017120
930,478,2025-06-02 15:36:17.108918
856,615,2025-06-02 15:36:17.498876
849,593,2025-06-02 15:36:17.750341
307,595,2025-06-02 15:36:18.434024
302,584,2025-06-02 15:36:18.571196
335,447,2025-06-02 15:36:18.856209
365,357,2025-06-02 15:36:19.269402
392,330,2025-06-02 15:36:19.531869
681,359,2025-06-02 15:36:20.387249
1003,402,2025-06-02 15:36:20.959734
1296,401,2025-06-02 15:36:21.888714
1315,390,2025-06-02 15:36:22.164163
1010,232,2025-06-02 15:36:22.846442
1005,228,2025-06-02 15:36:22.979402
1017,289,2025-06-02 15:36:23.520385
1013,277,2025-06-02 15:36:23.661027
1013,275,2025-06-02 15:36:23.779345
952,303,2025-06-02 15:36:24.544567
519,278,2025-06-02 15:36:25.085561
449,277,2025-06-02 15:36:25.345109
438,327,2025-06-02 15:36:25.875952
449,327,2025-06-02 15:36:26.010764
454,329,2025-06-02 15:36:26.144132
337,354,2025-06-02 15:36:26.550801
282,385,2025-06-02 15:36:27.094446
312,373,2025-06-02 15:36:27.393610
925,440,2025-06-02 15:36:28.874828
930,435,2025-06-02 15:36:29.010237
935,434,2025-06-02 15:36:29.141744
939,428,2025-06-02 15:36:29.274922
672,761,2025-06-02 15:36:29.811204
730,295,2025-06-02 15:36:46.551431
996,299,2025-06-02 15:36:47.139285
1307,304,2025-06-02 15:36:47.671134
1492,328,2025-06-02 15:36:48.052924
894,378,2025-06-02 15:36:49.043315
875,382,2025-06-02 15:36:49.176270
270,506,2025-06-02 15:36:49.708178
267,507,2025-06-02 15:36:49.842555
265,508,2025-06-02 15:36:49.975579
264,509,2025-06-02 15:36:50.108671
263,510,2025-06-02 15:36:50.242728
262,510,2025-06-02 15:36:50.379838
261,512,2025-06-02 15:36:50.522100
261,513,2025-06-02 15:36:50.642789
262,518,2025-06-02 15:36:50.789738
266,533,2025-06-02 15:36:50.939116
269,541,2025-06-02 15:36:51.073303
274,544,2025-06-02 15:36:51.191488
275,561,2025-06-02 15:36:51.323918
261,692,2025-06-02 15:36:51.744457
257,707,2025-06-02 15:36:51.890369
274,717,2025-06-02 15:36:52.023064
698,534,2025-06-02 15:36:52.282541
1239,373,2025-06-02 15:36:52.824817
1249,372,2025-06-02 15:36:52.964316
1251,373,2025-06-02 15:36:53.109926
1246,372,2025-06-02 15:36:53.254822
909,475,2025-06-02 15:36:53.683814
872,489,2025-06-02 15:36:53.954365
816,550,2025-06-02 15:36:54.470529
825,542,2025-06-02 15:36:54.589002
832,537,2025-06-02 15:36:54.723725
836,533,2025-06-02 15:36:54.854840
838,533,2025-06-02 15:36:54.998305
811,588,2025-06-02 15:36:55.420213
261,619,2025-06-02 15:36:56.103320
254,617,2025-06-02 15:36:56.248560
250,612,2025-06-02 15:36:56.385987
250,603,2025-06-02 15:36:56.515801
254,491,2025-06-02 15:36:56.793882
1194,397,2025-06-02 15:36:57.872304
1202,395,2025-06-02 15:36:58.001868
1209,399,2025-06-02 15:36:58.135833
1209,404,2025-06-02 15:36:58.269098
1204,405,2025-06-02 15:36:58.402318
1196,409,2025-06-02 15:36:58.551417
1186,411,2025-06-02 15:36:58.696821
1179,418,2025-06-02 15:36:58.819118
1171,425,2025-06-02 15:36:58.998909
1163,431,2025-06-02 15:36:59.147991
1149,433,2025-06-02 15:36:59.282310
927,499,2025-06-02 15:36:59.691365
885,517,2025-06-02 15:36:59.952891
877,522,2025-06-02 15:37:00.100376
870,526,2025-06-02 15:37:00.233203
501,980,2025-06-02 15:37:00.785169
187,653,2025-06-02 15:37:19.988034
268,660,2025-06-02 15:37:21.016572
268,655,2025-06-02 15:37:21.151210
271,651,2025-06-02 15:37:21.284126
275,645,2025-06-02 15:37:21.417222
248,465,2025-06-02 15:37:21.825027
243,447,2025-06-02 15:37:21.964219
232,410,2025-06-02 15:37:22.217081
232,401,2025-06-02 15:37:22.349386
231,398,2025-06-02 15:37:22.486944
238,397,2025-06-02 15:37:22.616809
241,401,2025-06-02 15:37:22.749183
252,387,2025-06-02 15:37:22.886505
269,357,2025-06-02 15:37:23.164914
283,278,2025-06-02 15:37:23.587126
283,266,2025-06-02 15:37:23.716021
285,254,2025-06-02 15:37:23.864460
742,254,2025-06-02 15:37:24.787229
821,330,2025-06-02 15:37:25.464451
780,519,2025-06-02 15:37:25.751446
793,504,2025-06-02 15:37:25.895543
802,497,2025-06-02 15:37:26.030508
817,496,2025-06-02 15:37:26.163312
1020,490,2025-06-02 15:37:26.837348
1075,491,2025-06-02 15:37:27.262473
1082,491,2025-06-02 15:37:27.396048
1090,490,2025-06-02 15:37:27.532457
1095,486,2025-06-02 15:37:27.662762
1102,484,2025-06-02 15:37:27.796477
1106,483,2025-06-02 15:37:27.943327
1108,482,2025-06-02 15:37:28.088415
1111,482,2025-06-02 15:37:28.228046
1111,481,2025-06-02 15:37:28.360902
1112,481,2025-06-02 15:37:28.497966
1125,483,2025-06-02 15:37:28.628497
1252,487,2025-06-02 15:37:29.164126
1254,485,2025-06-02 15:37:29.310203
1268,484,2025-06-02 15:37:29.443872
1281,484,2025-06-02 15:37:29.577636
1285,484,2025-06-02 15:37:29.711668
700,761,2025-06-02 15:37:30.107421
514,904,2025-06-02 15:37:30.404423
483,903,2025-06-02 15:37:30.676218
918,374,2025-06-02 15:37:31.610015
921,321,2025-06-02 15:37:31.876269
920,286,2025-06-02 15:37:32.158278
918,280,2025-06-02 15:37:32.294495
928,276,2025-06-02 15:37:32.425277
946,272,2025-06-02 15:37:32.557691
1037,283,2025-06-02 15:37:32.848359
1079,293,2025-06-02 15:37:33.140884
837,525,2025-06-02 15:37:34.207248
834,513,2025-06-02 15:37:34.340789
831,505,2025-06-02 15:37:34.473878
829,494,2025-06-02 15:37:34.607200
830,485,2025-06-02 15:37:34.739432
832,475,2025-06-02 15:37:34.873458
833,470,2025-06-02 15:37:34.997925
830,461,2025-06-02 15:37:35.139482
827,451,2025-06-02 15:37:35.273289
282,626,2025-06-02 15:37:35.954282
279,629,2025-06-02 15:37:36.075737
276,631,2025-06-02 15:37:36.210402
281,631,2025-06-02 15:37:36.362200
285,629,2025-06-02 15:37:36.504968
298,627,2025-06-02 15:37:36.654820
310,626,2025-06-02 15:37:36.789950
611,576,2025-06-02 15:37:37.063380
941,408,2025-06-02 15:37:37.485303
956,398,2025-06-02 15:37:37.604770
965,391,2025-06-02 15:37:37.737337
971,391,2025-06-02 15:37:37.870939
975,387,2025-06-02 15:37:38.003390
979,386,2025-06-02 15:37:38.138017
975,387,2025-06-02 15:37:38.271129
965,389,2025-06-02 15:37:38.420700
1164,252,2025-06-02 15:37:39.226965
1295,295,2025-06-02 15:37:39.769289
1497,386,2025-06-02 15:37:40.479889
1521,407,2025-06-02 15:37:40.751939
1209,476,2025-06-02 15:37:41.011429
907,620,2025-06-02 15:37:41.277760
901,448,2025-06-02 15:37:42.104278
508,213,2025-06-02 15:37:42.504620
702,122,2025-06-02 15:37:43.458627
859,124,2025-06-02 15:37:43.861601
898,126,2025-06-02 15:37:44.130722
905,128,2025-06-02 15:37:44.265566
920,137,2025-06-02 15:37:44.419004
1027,221,2025-06-02 15:37:44.823998
1037,234,2025-06-02 15:37:44.964590
1043,240,2025-06-02 15:37:45.086186
914,826,2025-06-02 15:37:45.647685
920,822,2025-06-02 15:37:45.782029
925,819,2025-06-02 15:37:45.925333
932,826,2025-06-02 15:37:46.048831
942,831,2025-06-02 15:37:46.182110
951,836,2025-06-02 15:37:46.315574
955,849,2025-06-02 15:37:46.448174
955,853,2025-06-02 15:37:46.595957
943,820,2025-06-02 15:37:46.863819
942,809,2025-06-02 15:37:46.999767
914,712,2025-06-02 15:37:47.396846
903,674,2025-06-02 15:37:47.666985
514,768,2025-06-02 15:38:48.600943
715,450,2025-06-02 15:38:49.389070
1192,696,2025-06-02 15:38:49.921831
1324,800,2025-06-02 15:38:50.447857
1331,807,2025-06-02 15:38:50.581118
1336,812,2025-06-02 15:38:50.715057
1337,817,2025-06-02 15:38:50.848562
350,455,2025-06-02 15:38:51.530182
333,449,2025-06-02 15:38:51.678539
322,446,2025-06-02 15:38:51.814955
316,442,2025-06-02 15:38:51.961549
311,438,2025-06-02 15:38:52.095390
309,436,2025-06-02 15:38:52.229511
310,419,2025-06-02 15:38:52.362313
1075,213,2025-06-02 15:38:53.063266
1082,215,2025-06-02 15:38:53.195195
1085,216,2025-06-02 15:38:53.344891
1091,218,2025-06-02 15:38:53.493424
1094,219,2025-06-02 15:38:53.642664
1096,221,2025-06-02 15:38:53.778368
1097,223,2025-06-02 15:38:53.916260
1093,224,2025-06-02 15:38:54.045488
1090,227,2025-06-02 15:38:54.193920
1089,229,2025-06-02 15:38:54.327497
1011,775,2025-06-02 15:38:54.868993
875,878,2025-06-02 15:38:55.436937
874,667,2025-06-02 15:38:55.993830
283,768,2025-06-02 15:38:57.757956
286,775,2025-06-02 15:38:57.892636
294,781,2025-06-02 15:38:58.026151
1356,408,2025-06-02 15:38:59.094565
1361,406,2025-06-02 15:38:59.224033
1364,403,2025-06-02 15:38:59.357580
1365,405,2025-06-02 15:38:59.490466
1359,406,2025-06-02 15:38:59.623687
1351,409,2025-06-02 15:38:59.757732
1343,413,2025-06-02 15:38:59.893968
374,797,2025-06-02 15:39:00.787804
363,792,2025-06-02 15:39:00.919147
355,788,2025-06-02 15:39:01.054952
350,789,2025-06-02 15:39:01.188465
346,777,2025-06-02 15:39:01.323681
641,244,2025-06-02 15:39:01.761999
656,236,2025-06-02 15:39:01.888250
669,236,2025-06-02 15:39:02.024533
683,239,2025-06-02 15:39:02.155232
691,236,2025-06-02 15:39:02.288618
697,235,2025-06-02 15:39:02.424658
699,237,2025-06-02 15:39:02.555061
1010,572,2025-06-02 15:39:02.830985
1102,689,2025-06-02 15:39:03.225146
1107,698,2025-06-02 15:39:03.354385
1110,707,2025-06-02 15:39:03.487971
1114,713,2025-06-02 15:39:03.625322
1107,712,2025-06-02 15:39:03.770177
739,343,2025-06-02 15:39:04.306261
728,332,2025-06-02 15:39:04.481724
722,327,2025-06-02 15:39:04.626336
720,325,2025-06-02 15:39:04.768193
722,323,2025-06-02 15:39:04.885783
725,323,2025-06-02 15:39:05.026382
1195,269,2025-06-02 15:39:05.444117
1301,250,2025-06-02 15:39:05.835601
1306,252,2025-06-02 15:39:05.968188
1309,253,2025-06-02 15:39:06.102148
1311,255,2025-06-02 15:39:06.235628
1311,255,2025-06-02 15:39:06.368786
1312,254,2025-06-02 15:39:06.502178
1313,254,2025-06-02 15:39:06.635267
1314,253,2025-06-02 15:39:06.768530
1314,252,2025-06-02 15:39:06.901342
1314,254,2025-06-02 15:39:07.035395
1035,281,2025-06-02 15:39:07.449775
953,284,2025-06-02 15:39:07.866610
948,284,2025-06-02 15:39:08.000244
943,284,2025-06-02 15:39:08.133960
937,285,2025-06-02 15:39:08.266576
931,281,2025-06-02 15:39:08.400560
926,281,2025-06-02 15:39:08.534444
835,233,2025-06-02 15:39:09.484226
829,221,2025-06-02 15:39:09.632493
835,208,2025-06-02 15:39:09.781893
869,97,2025-06-02 15:39:10.205788
874,94,2025-06-02 15:39:10.346397
877,112,2025-06-02 15:39:10.464654
491,368,2025-06-02 15:39:11.023046
326,426,2025-06-02 15:39:11.414138
320,432,2025-06-02 15:39:11.547959
318,441,2025-06-02 15:39:11.695845
323,446,2025-06-02 15:39:11.813813
330,451,2025-06-02 15:39:11.947352
863,857,2025-06-02 15:39:12.355580
917,761,2025-06-02 15:39:12.789721
1018,546,2025-06-02 15:39:13.337401
1007,521,2025-06-02 15:39:13.612597
997,530,2025-06-02 15:39:13.745718
969,513,2025-06-02 15:39:14.153407
363,338,2025-06-02 15:39:14.812238
354,339,2025-06-02 15:39:14.944929
358,352,2025-06-02 15:39:15.089365
375,356,2025-06-02 15:39:15.211641
390,358,2025-06-02 15:39:15.345348
1009,321,2025-06-02 15:39:15.885496
1060,320,2025-06-02 15:39:16.175953
1066,321,2025-06-02 15:39:16.294549
1071,324,2025-06-02 15:39:16.433754
1075,324,2025-06-02 15:39:16.561234
1079,325,2025-06-02 15:39:16.708565
349,504,2025-06-02 15:39:17.507452
350,495,2025-06-02 15:39:17.635309
350,488,2025-06-02 15:39:17.760297
361,481,2025-06-02 15:39:17.892240
374,470,2025-06-02 15:39:18.035646
1167,318,2025-06-02 15:39:18.590893
1170,320,2025-06-02 15:39:18.725688
1167,324,2025-06-02 15:39:18.858996
1164,326,2025-06-02 15:39:18.990478
1162,327,2025-06-02 15:39:19.109086
1159,329,2025-06-02 15:39:19.241399
867,433,2025-06-02 15:39:19.656683
549,573,2025-06-02 15:39:19.924334
350,497,2025-06-02 15:39:20.606572
357,485,2025-06-02 15:39:20.724672
360,475,2025-06-02 15:39:20.858531
365,474,2025-06-02 15:39:20.989892
414,481,2025-06-02 15:39:21.404528
393,520,2025-06-02 15:39:21.672549
356,533,2025-06-02 15:39:21.949230
297,361,2025-06-02 15:39:22.501579
300,356,2025-06-02 15:39:22.639576
315,353,2025-06-02 15:39:22.772152
879,934,2025-06-02 15:39:23.440589
849,931,2025-06-02 15:39:23.741010
991,806,2025-06-02 15:39:24.151325
999,791,2025-06-02 15:39:24.271637
1104,512,2025-06-02 15:39:25.114133
1149,442,2025-06-02 15:39:25.371005
1154,433,2025-06-02 15:39:25.504400
1156,429,2025-06-02 15:39:25.642813
1153,423,2025-06-02 15:39:25.785665
1149,424,2025-06-02 15:39:25.920044
1147,424,2025-06-02 15:39:26.068146
326,440,2025-06-02 15:39:26.885511
317,441,2025-06-02 15:39:27.018669
313,443,2025-06-02 15:39:27.152896
310,446,2025-06-02 15:39:27.286819
307,449,2025-06-02 15:39:27.419273
307,450,2025-06-02 15:39:27.551973
308,451,2025-06-02 15:39:27.685094
1137,441,2025-06-02 15:39:28.500690
1138,438,2025-06-02 15:39:28.633914
1133,434,2025-06-02 15:39:28.767116
1129,435,2025-06-02 15:39:28.900391
1124,435,2025-06-02 15:39:29.033851
1119,437,2025-06-02 15:39:29.187004
1116,438,2025-06-02 15:39:29.316995
1112,438,2025-06-02 15:39:29.450521
266,832,2025-06-02 15:39:30.253555
250,827,2025-06-02 15:39:30.383314
239,822,2025-06-02 15:39:30.516554
251,683,2025-06-02 15:39:31.064477
253,678,2025-06-02 15:39:31.199461
334,674,2025-06-02 15:39:31.483839
301,670,2025-06-02 15:39:31.765450
295,637,2025-06-02 15:39:32.032317
291,625,2025-06-02 15:39:32.165253
189,516,2025-06-02 15:39:32.736051
235,415,2025-06-02 15:39:33.159847
254,379,2025-06-02 15:39:33.414202
261,367,2025-06-02 15:39:33.552100
264,357,2025-06-02 15:39:33.696343
274,326,2025-06-02 15:39:33.963666
276,318,2025-06-02 15:39:34.096201
276,312,2025-06-02 15:39:34.229460
279,310,2025-06-02 15:39:34.363609
278,312,2025-06-02 15:39:34.496199
855,298,2025-06-02 15:39:35.428959
866,300,2025-06-02 15:39:35.566240
987,312,2025-06-02 15:39:35.953989
1217,315,2025-06-02 15:39:36.371996
1257,319,2025-06-02 15:39:36.629648
1297,342,2025-06-02 15:39:37.054798
1307,342,2025-06-02 15:39:37.177135
1500,393,2025-06-02 15:39:38.127271
1511,390,2025-06-02 15:39:38.277304
1515,391,2025-06-02 15:39:38.410478
1526,403,2025-06-02 15:39:38.543322
1213,693,2025-06-02 15:39:39.884532
1285,598,2025-06-02 15:39:40.169602
1252,575,2025-06-02 15:39:40.429221
1225,313,2025-06-02 15:39:40.859764
1257,259,2025-06-02 15:39:41.410098
1261,269,2025-06-02 15:39:41.541480
1262,281,2025-06-02 15:39:41.674418
1266,291,2025-06-02 15:39:41.806887
1277,297,2025-06-02 15:39:41.940489
1496,316,2025-06-02 15:39:42.362538
1583,322,2025-06-02 15:39:42.761602
1592,325,2025-06-02 15:39:42.890208
1598,326,2025-06-02 15:39:43.023511
1508,393,2025-06-02 15:39:43.282237
970,424,2025-06-02 15:39:44.367463
727,528,2025-06-02 15:39:44.770556
779,456,2025-06-02 15:39:45.321450
785,450,2025-06-02 15:39:45.454142
802,448,2025-06-02 15:39:45.603485
1071,427,2025-06-02 15:39:46.856799
1470,431,2025-06-02 15:39:48.243382
1546,433,2025-06-02 15:39:48.652105
1556,438,2025-06-02 15:39:48.786161
1570,438,2025-06-02 15:39:48.918401
1580,442,2025-06-02 15:39:49.052135
1584,444,2025-06-02 15:39:49.184992
869,457,2025-06-02 15:39:49.871660
860,453,2025-06-02 15:39:50.029142
857,453,2025-06-02 15:39:50.151839
867,450,2025-06-02 15:39:50.284405
774,644,2025-06-02 15:39:50.677375
874,516,2025-06-02 15:39:51.333246
882,507,2025-06-02 15:39:51.471708
887,497,2025-06-02 15:39:51.629064
865,545,2025-06-02 15:39:52.297961
873,540,2025-06-02 15:39:52.416300
883,538,2025-06-02 15:39:52.548780
1152,547,2025-06-02 15:39:53.215580
1156,552,2025-06-02 15:39:53.348024
829,663,2025-06-02 15:39:54.613932
358,701,2025-06-02 15:39:55.171860
261,730,2025-06-02 15:39:55.579976
254,736,2025-06-02 15:39:55.713600
1056,411,2025-06-02 15:39:56.124345
1092,400,2025-06-02 15:39:56.412968
1098,399,2025-06-02 15:39:56.545745
1102,396,2025-06-02 15:39:56.679106
1101,391,2025-06-02 15:39:56.812001
1035,415,2025-06-02 15:39:57.212359
847,506,2025-06-02 15:39:57.603858
886,443,2025-06-02 15:39:58.012077
887,440,2025-06-02 15:39:58.144401
851,579,2025-06-02 15:39:58.560621
354,723,2025-06-02 15:39:59.108208
267,748,2025-06-02 15:39:59.494085
253,751,2025-06-02 15:39:59.625794
237,567,2025-06-02 15:39:59.885128
248,450,2025-06-02 15:40:00.442240
250,439,2025-06-02 15:40:00.581290
258,427,2025-06-02 15:40:00.725199
262,420,2025-06-02 15:40:00.858756
263,418,2025-06-02 15:40:00.993186
265,408,2025-06-02 15:40:01.141585
287,379,2025-06-02 15:40:01.425991
288,377,2025-06-02 15:40:01.591900
286,370,2025-06-02 15:40:01.739338
606,295,2025-06-02 15:40:02.165803
894,302,2025-06-02 15:40:02.724016
905,299,2025-06-02 15:40:02.857987
1034,315,2025-06-02 15:40:03.571076
1042,317,2025-06-02 15:40:03.707428
1272,343,2025-06-02 15:40:04.427955
1311,351,2025-06-02 15:40:04.689704
1318,352,2025-06-02 15:40:04.833016
372,333,2025-06-02 15:40:06.337610
356,334,2025-06-02 15:40:06.472024
351,334,2025-06-02 15:40:06.604169
347,334,2025-06-02 15:40:06.737267
354,339,2025-06-02 15:40:06.870640
890,341,2025-06-02 15:40:07.689575
899,347,2025-06-02 15:40:07.835778
908,348,2025-06-02 15:40:07.968496
909,352,2025-06-02 15:40:08.102047
953,443,2025-06-02 15:40:09.636382
954,437,2025-06-02 15:40:09.769144
954,433,2025-06-02 15:40:09.904965
953,430,2025-06-02 15:40:10.035152
952,427,2025-06-02 15:40:10.180309
950,426,2025-06-02 15:40:10.318467
950,426,2025-06-02 15:40:10.456488
933,456,2025-06-02 15:40:11.167258
933,452,2025-06-02 15:40:11.301085
925,445,2025-06-02 15:40:11.449616
926,456,2025-06-02 15:40:11.567265
1103,533,2025-06-02 15:40:11.830672
1175,542,2025-06-02 15:40:12.217588
1172,543,2025-06-02 15:40:12.349476
1012,547,2025-06-02 15:40:12.609031
814,895,2025-06-02 15:40:13.288878
838,919,2025-06-02 15:40:13.550673
855,915,2025-06-02 15:40:13.695813
1097,589,2025-06-02 15:40:13.976474
1382,333,2025-06-02 15:40:14.531117
1389,326,2025-06-02 15:40:14.668488
1392,321,2025-06-02 15:40:14.798227
1383,316,2025-06-02 15:40:14.944438
798,330,2025-06-02 15:40:15.206591
320,371,2025-06-02 15:40:15.881543
315,373,2025-06-02 15:40:16.016657
314,378,2025-06-02 15:40:16.147611
330,389,2025-06-02 15:40:16.280121
1353,755,2025-06-02 15:40:16.963626
1350,757,2025-06-02 15:40:17.118122
1344,765,2025-06-02 15:40:17.261238
1339,773,2025-06-02 15:40:17.379057
1334,780,2025-06-02 15:40:17.528858
247,699,2025-06-02 15:40:18.226767
249,702,2025-06-02 15:40:18.379165
263,697,2025-06-02 15:40:18.513894
272,697,2025-06-02 15:40:18.662555
1184,308,2025-06-02 15:40:19.360761
1088,310,2025-06-02 15:40:19.910436
1084,308,2025-06-02 15:40:20.044162
1081,305,2025-06-02 15:40:20.176964
1077,301,2025-06-02 15:40:20.310911
765,299,2025-06-02 15:40:20.713369
879,93,2025-06-02 15:40:21.288079
920,79,2025-06-02 15:40:21.543529
1207,80,2025-06-02 15:40:21.937446
1249,97,2025-06-02 15:40:22.351971
976,133,2025-06-02 15:40:22.742965
964,135,2025-06-02 15:40:22.880718
957,134,2025-06-02 15:40:23.025516
949,132,2025-06-02 15:40:23.158070
943,129,2025-06-02 15:40:23.291570
939,128,2025-06-02 15:40:23.432481
809,133,2025-06-02 15:40:23.958289
795,133,2025-06-02 15:40:24.090522
777,132,2025-06-02 15:40:24.224936
522,143,2025-06-02 15:40:25.324503
509,147,2025-06-02 15:40:25.457557
501,148,2025-06-02 15:40:25.590260
494,150,2025-06-02 15:40:25.723775
488,148,2025-06-02 15:40:25.856220
198,243,2025-06-02 15:40:26.522664
211,237,2025-06-02 15:40:26.655278
230,235,2025-06-02 15:40:26.804064
1138,462,2025-06-02 15:40:27.588273
1136,458,2025-06-02 15:40:27.721595
1130,454,2025-06-02 15:40:27.854700
1124,451,2025-06-02 15:40:27.986655
1120,447,2025-06-02 15:40:28.108477
1114,446,2025-06-02 15:40:28.238385
1108,445,2025-06-02 15:40:28.370348
1101,443,2025-06-02 15:40:28.508534
727,899,2025-06-02 15:40:29.621217
371,736,2025-06-02 15:40:30.164188
402,480,2025-06-02 15:40:31.127398
584,516,2025-06-02 15:40:32.451564
704,551,2025-06-02 15:40:32.874712
735,579,2025-06-02 15:40:33.134558
745,587,2025-06-02 15:40:33.266808
760,593,2025-06-02 15:40:33.400056
774,601,2025-06-02 15:40:33.531735
968,574,2025-06-02 15:40:34.065184
1046,527,2025-06-02 15:40:34.449720
1255,484,2025-06-02 15:40:34.978153
1624,417,2025-06-02 15:40:35.381434
1396,114,2025-06-02 15:40:36.495913
1387,108,2025-06-02 15:40:36.618431
1393,99,2025-06-02 15:40:36.751578
1647,122,2025-06-02 15:40:37.163607
1699,99,2025-06-02 15:40:37.580674
1706,100,2025-06-02 15:40:37.719503
1710,99,2025-06-02 15:40:37.847427
1682,127,2025-06-02 15:40:38.120167
1607,177,2025-06-02 15:40:38.695745
1429,192,2025-06-02 15:40:39.124584
1626,112,2025-06-02 15:40:39.536769
1671,102,2025-06-02 15:40:39.822765
1685,102,2025-06-02 15:40:39.961132
1688,100,2025-06-02 15:40:40.094588
1681,111,2025-06-02 15:40:40.228613
1673,115,2025-06-02 15:40:40.370922
1665,118,2025-06-02 15:40:40.522563
1655,126,2025-06-02 15:40:40.675626
1478,644,2025-06-02 15:40:41.085055
1445,381,2025-06-02 15:40:41.623627
1602,184,2025-06-02 15:40:41.901783
1619,134,2025-06-02 15:40:42.160602
1614,115,2025-06-02 15:40:42.293179
1609,98,2025-06-02 15:40:42.427965
1590,17,2025-06-02 15:40:42.842408
1779,54,2025-06-02 15:40:43.528828
1698,77,2025-06-02 15:40:44.109302
1504,282,2025-06-02 15:40:44.552222
1647,186,2025-06-02 15:40:45.076327
1521,97,2025-06-02 15:40:46.048141
1367,139,2025-06-02 15:40:46.328849
1503,147,2025-06-02 15:40:46.612837
1535,165,2025-06-02 15:40:46.906080
1528,172,2025-06-02 15:40:47.039792
1517,179,2025-06-02 15:40:47.172775
1633,665,2025-06-02 15:40:47.712731
1751,1057,2025-06-02 15:40:48.385909
1736,1076,2025-06-02 15:40:48.655153
1733,1077,2025-06-02 15:40:48.787855
1721,1065,2025-06-02 15:40:48.921488
1691,1054,2025-06-02 15:40:49.187505
1680,1057,2025-06-02 15:40:49.321125
1647,1042,2025-06-02 15:40:49.587291
1633,1038,2025-06-02 15:40:49.721533
1594,1039,2025-06-02 15:40:49.988099
1578,1037,2025-06-02 15:40:50.133297
1566,1029,2025-06-02 15:40:50.270346
1528,1015,2025-06-02 15:40:50.536836
1658,154,2025-06-02 15:40:51.469912
1658,147,2025-06-02 15:40:51.602348
1666,133,2025-06-02 15:40:51.735886
1676,131,2025-06-02 15:40:51.868740
1684,131,2025-06-02 15:40:52.006305
1694,130,2025-06-02 15:40:52.136525
1700,131,2025-06-02 15:40:52.268555
1705,131,2025-06-02 15:40:52.402626
1710,143,2025-06-02 15:40:52.539337
1705,147,2025-06-02 15:40:52.683268
1702,152,2025-06-02 15:40:52.837330
1699,156,2025-06-02 15:40:52.969265
1696,160,2025-06-02 15:40:53.114257
1692,164,2025-06-02 15:40:53.251745
1688,168,2025-06-02 15:40:53.394825
1685,172,2025-06-02 15:40:53.517132
802,537,2025-06-02 15:40:54.051629
802,537,2025-06-02 15:40:54.184753
789,595,2025-06-02 15:40:54.467239
789,595,2025-06-02 15:40:54.616204
788,595,2025-06-02 15:40:54.764343
1706,131,2025-06-02 15:40:55.582514
1707,128,2025-06-02 15:40:55.716933
1693,137,2025-06-02 15:40:55.848934
1683,148,2025-06-02 15:40:55.982313
1770,357,2025-06-02 15:40:56.292054
1770,357,2025-06-02 15:40:56.438985
1519,958,2025-06-02 15:40:56.725032
1590,807,2025-06-02 15:40:57.004274
1647,208,2025-06-02 15:40:58.097220
1642,198,2025-06-02 15:40:58.240809
1647,184,2025-06-02 15:40:58.391190
1673,134,2025-06-02 15:40:58.664026
1743,5,2025-06-02 15:40:59.229374
1760,21,2025-06-02 15:40:59.808151
1755,35,2025-06-02 15:40:59.942497
1738,44,2025-06-02 15:41:00.094924
1697,76,2025-06-02 15:41:00.347544
1682,88,2025-06-02 15:41:00.479948
1670,96,2025-06-02 15:41:00.612651
1658,104,2025-06-02 15:41:00.762384
1646,107,2025-06-02 15:41:00.894612
782,1039,2025-06-02 15:41:01.924413
455,764,2025-06-02 15:51:22.590967
404,861,2025-06-02 15:51:23.096369
1318,368,2025-06-02 15:51:23.979266
1326,355,2025-06-02 15:51:24.138105
1328,343,2025-06-02 15:51:24.290746
1330,335,2025-06-02 15:51:24.469021
250,294,2025-06-02 15:51:25.230351
232,289,2025-06-02 15:51:25.373116
223,289,2025-06-02 15:51:25.522334
218,283,2025-06-02 15:51:25.671943
214,281,2025-06-02 15:51:25.821192
213,280,2025-06-02 15:51:25.939618
220,286,2025-06-02 15:51:26.089639
1004,850,2025-06-02 15:51:26.686773
1019,860,2025-06-02 15:51:26.837332
1330,224,2025-06-02 15:51:27.597002
1325,208,2025-06-02 15:51:27.737222
1322,198,2025-06-02 15:51:27.894286
1320,189,2025-06-02 15:51:28.052486
263,193,2025-06-02 15:51:28.943016
247,194,2025-06-02 15:51:29.085929
233,195,2025-06-02 15:51:29.235818
226,195,2025-06-02 15:51:29.371178
221,200,2025-06-02 15:51:29.503617
216,200,2025-06-02 15:51:29.636803
213,201,2025-06-02 15:51:29.769650
890,901,2025-06-02 15:51:30.480968
952,925,2025-06-02 15:51:30.902051
956,931,2025-06-02 15:51:31.035540
1289,343,2025-06-02 15:51:31.779891
1291,325,2025-06-02 15:51:31.920092
1288,312,2025-06-02 15:51:32.081586
1276,303,2025-06-02 15:51:32.231722
263,227,2025-06-02 15:51:32.954849
231,228,2025-06-02 15:51:33.218473
221,227,2025-06-02 15:51:33.350245
215,227,2025-06-02 15:51:33.483584
210,227,2025-06-02 15:51:33.617511
880,810,2025-06-02 15:51:34.327248
888,818,2025-06-02 15:51:34.469118
892,821,2025-06-02 15:51:34.602869
898,818,2025-06-02 15:51:34.764932
898,815,2025-06-02 15:51:34.903547
1192,332,2025-06-02 15:51:35.604704
1201,297,2025-06-02 15:51:35.864954
1204,288,2025-06-02 15:51:36.005025
1203,281,2025-06-02 15:51:36.149693
1202,276,2025-06-02 15:51:36.304988
1201,271,2025-06-02 15:51:36.462476
1201,267,2025-06-02 15:51:36.612243
1199,265,2025-06-02 15:51:36.730864
250,237,2025-06-02 15:51:37.498859
237,238,2025-06-02 15:51:37.630237
231,240,2025-06-02 15:51:37.781000
227,237,2025-06-02 15:51:37.914122
228,236,2025-06-02 15:51:38.047509
231,235,2025-06-02 15:51:38.206936
238,239,2025-06-02 15:51:38.362093
869,926,2025-06-02 15:51:39.107890
888,956,2025-06-02 15:51:39.409993
898,964,2025-06-02 15:51:39.561316
1294,325,2025-06-02 15:51:40.110418
1290,287,2025-06-02 15:51:40.429210
1291,280,2025-06-02 15:51:40.576460
1286,275,2025-06-02 15:51:40.725724
337,207,2025-06-02 15:51:41.415668
321,207,2025-06-02 15:51:41.559355
311,207,2025-06-02 15:51:41.708960
305,205,2025-06-02 15:51:41.859389
302,203,2025-06-02 15:51:42.006587
300,201,2025-06-02 15:51:42.158599
887,958,2025-06-02 15:51:42.747947
915,983,2025-06-02 15:51:43.066910
924,982,2025-06-02 15:51:43.223070
1239,312,2025-06-02 15:51:43.844834
1239,267,2025-06-02 15:51:44.172987
1236,259,2025-06-02 15:51:44.323979
1233,253,2025-06-02 15:51:44.473618
355,249,2025-06-02 15:51:45.333346
343,249,2025-06-02 15:51:45.457541
337,248,2025-06-02 15:51:45.590550
891,956,2025-06-02 15:51:46.351870
903,969,2025-06-02 15:51:46.504040
913,976,2025-06-02 15:51:46.654758
925,977,2025-06-02 15:51:46.806287
935,980,2025-06-02 15:51:46.972305
1156,348,2025-06-02 15:51:47.683407
1156,313,2025-06-02 15:51:47.987447
1151,304,2025-06-02 15:51:48.137987
1145,298,2025-06-02 15:51:48.272333
1141,291,2025-06-02 15:51:48.421154
442,268,2025-06-02 15:51:49.124740
390,273,2025-06-02 15:51:49.524244
384,272,2025-06-02 15:51:49.654752
889,946,2025-06-02 15:51:50.380648
900,960,2025-06-02 15:51:50.535811
908,967,2025-06-02 15:51:50.660569
913,972,2025-06-02 15:51:50.802305
917,977,2025-06-02 15:51:50.936748
1146,422,2025-06-02 15:51:51.538069
1146,379,2025-06-02 15:51:51.836954
1143,367,2025-06-02 15:51:51.984748
1141,360,2025-06-02 15:51:52.133858
389,300,2025-06-02 15:51:53.028896
380,301,2025-06-02 15:51:53.153132
376,300,2025-06-02 15:51:53.287284
374,300,2025-06-02 15:51:53.425493
917,239,2025-06-02 15:52:18.715033
903,207,2025-06-02 15:52:19.313253
1240,962,2025-06-02 15:52:19.899016
1247,978,2025-06-02 15:52:20.030000
1247,985,2025-06-02 15:52:20.189356
300,241,2025-06-02 15:52:20.776893
294,231,2025-06-02 15:52:20.928848
304,219,2025-06-02 15:52:21.076695
313,219,2025-06-02 15:52:21.214704
1271,182,2025-06-02 15:52:21.811726
1308,182,2025-06-02 15:52:22.095067
1313,183,2025-06-02 15:52:22.244240
1316,182,2025-06-02 15:52:22.394140
1318,183,2025-06-02 15:52:22.543036
1318,183,2025-06-02 15:52:22.693328
1328,278,2025-06-02 15:52:23.151314
869,351,2025-06-02 15:52:23.970317
835,353,2025-06-02 15:52:24.297727
828,354,2025-06-02 15:52:24.444165
821,354,2025-06-02 15:52:24.593549
818,367,2025-06-02 15:52:24.726779
812,423,2025-06-02 15:52:25.136043
812,437,2025-06-02 15:52:25.260252
811,450,2025-06-02 15:52:25.393230
811,458,2025-06-02 15:52:25.530044
811,464,2025-06-02 15:52:25.659495
812,467,2025-06-02 15:52:25.796013
813,471,2025-06-02 15:52:25.941458
814,475,2025-06-02 15:52:26.075987
813,478,2025-06-02 15:52:26.208839
815,481,2025-06-02 15:52:26.343941
584,487,2025-06-02 15:52:26.749923
578,487,2025-06-02 15:52:26.891284
1275,303,2025-06-02 15:52:27.893800
1289,298,2025-06-02 15:52:28.024623
1299,296,2025-06-02 15:52:28.158048
1313,291,2025-06-02 15:52:28.290573
1441,276,2025-06-02 15:52:28.846179
1459,274,2025-06-02 15:52:28.989235
1470,275,2025-06-02 15:52:29.123237
889,278,2025-06-02 15:52:29.649053
842,280,2025-06-02 15:52:29.940133
832,281,2025-06-02 15:52:30.076537
827,295,2025-06-02 15:52:30.238234
783,310,2025-06-02 15:52:31.117686
791,264,2025-06-02 15:52:31.378586
766,231,2025-06-02 15:52:31.654636
752,218,2025-06-02 15:52:31.789143
249,191,2025-06-02 15:52:32.365695
204,198,2025-06-02 15:52:32.620439
197,198,2025-06-02 15:52:32.740951
190,200,2025-06-02 15:52:32.886406
182,203,2025-06-02 15:52:33.020453
177,205,2025-06-02 15:52:33.154452
174,209,2025-06-02 15:52:33.287077
168,221,2025-06-02 15:52:33.432257
156,282,2025-06-02 15:52:33.860780
86,468,2025-06-02 15:52:34.142119
117,398,2025-06-02 15:52:34.425402
143,380,2025-06-02 15:52:34.719191
66,740,2025-06-02 15:52:35.144321
68,737,2025-06-02 15:52:35.300808
136,620,2025-06-02 15:52:35.756070
144,605,2025-06-02 15:52:35.915543
149,601,2025-06-02 15:52:36.069723
150,599,2025-06-02 15:52:36.200624
155,617,2025-06-02 15:52:36.364454
150,634,2025-06-02 15:52:36.499616
5,878,2025-06-02 15:52:36.757671
142,754,2025-06-02 15:52:37.186469
150,747,2025-06-02 15:52:37.318130
155,745,2025-06-02 15:52:37.451193
158,743,2025-06-02 15:52:37.599383
176,742,2025-06-02 15:52:37.747907
633,668,2025-06-02 15:52:38.163625
651,666,2025-06-02 15:52:38.300696
666,659,2025-06-02 15:52:38.436798
1099,400,2025-06-02 15:52:39.297441
1106,392,2025-06-02 15:52:39.417122
811,314,2025-06-02 15:52:40.112046
796,310,2025-06-02 15:52:40.232390
786,310,2025-06-02 15:52:40.365370
779,309,2025-06-02 15:52:40.498678
774,311,2025-06-02 15:52:40.630859
766,315,2025-06-02 15:52:40.779480
737,342,2025-06-02 15:52:41.047519
726,347,2025-06-02 15:52:41.191004
716,357,2025-06-02 15:52:41.329440
707,367,2025-06-02 15:52:41.465939
700,375,2025-06-02 15:52:41.596972
696,381,2025-06-02 15:52:41.731013
700,392,2025-06-02 15:52:41.864019
1335,930,2025-06-02 15:52:42.444859
1342,941,2025-06-02 15:52:42.579122
1346,945,2025-06-02 15:52:42.714415
1336,957,2025-06-02 15:52:42.862255
604,522,2025-06-02 15:52:43.411728
577,502,2025-06-02 15:52:43.678687
570,499,2025-06-02 15:52:43.813171
565,493,2025-06-02 15:52:43.944926
561,490,2025-06-02 15:52:44.077496
559,488,2025-06-02 15:52:44.212015
557,486,2025-06-02 15:52:44.344321
706,412,2025-06-02 15:52:44.765822
815,495,2025-06-02 15:52:45.848560
829,481,2025-06-02 15:52:45.994282
835,474,2025-06-02 15:52:46.126891
838,473,2025-06-02 15:52:46.259857
834,491,2025-06-02 15:52:46.394848
207,212,2025-06-02 15:52:47.100907
196,198,2025-06-02 15:52:47.242240
343,111,2025-06-02 15:52:47.657957
1035,300,2025-06-02 15:52:48.479872
1066,314,2025-06-02 15:52:48.745729
1070,322,2025-06-02 15:52:48.875405
1074,327,2025-06-02 15:52:49.008512
614,141,2025-06-02 15:52:49.403420
588,116,2025-06-02 15:52:49.677749
581,110,2025-06-02 15:52:49.823563
580,106,2025-06-02 15:52:49.962722
580,102,2025-06-02 15:52:50.106760
586,99,2025-06-02 15:52:50.240042
604,94,2025-06-02 15:52:50.374909
615,94,2025-06-02 15:52:50.507905
983,354,2025-06-02 15:52:51.069029
996,366,2025-06-02 15:52:51.198787
1003,376,2025-06-02 15:52:51.323451
1008,384,2025-06-02 15:52:51.471499
1012,391,2025-06-02 15:52:51.621568
794,763,2025-06-02 15:52:52.191817
782,636,2025-06-02 15:52:52.741126
487,925,2025-06-02 15:52:53.822982
496,934,2025-06-02 15:52:53.968998
189,225,2025-06-02 15:52:54.532439
184,213,2025-06-02 15:52:54.671081
179,206,2025-06-02 15:52:54.820033
178,201,2025-06-02 15:52:54.953172
179,197,2025-06-02 15:52:55.086176
176,195,2025-06-02 15:52:55.220096
175,193,2025-06-02 15:52:55.370805
176,193,2025-06-02 15:52:55.505395
538,1077,2025-06-02 15:52:56.344616
653,961,2025-06-02 15:52:56.606180
833,1050,2025-06-02 15:52:57.164160
187,237,2025-06-02 15:54:23.429785
184,235,2025-06-02 15:54:23.552254
191,226,2025-06-02 15:54:23.684405
204,221,2025-06-02 15:54:23.833048
215,221,2025-06-02 15:54:23.966587
221,221,2025-06-02 15:54:24.088483
672,245,2025-06-02 15:54:24.625344
1047,288,2025-06-02 15:54:25.343852
1195,340,2025-06-02 15:54:25.921274
1185,325,2025-06-02 15:54:26.064746
1180,313,2025-06-02 15:54:26.207207
1180,309,2025-06-02 15:54:26.348485
1584,298,2025-06-02 15:54:26.876635
1601,300,2025-06-02 15:54:27.008085
875,750,2025-06-02 15:54:27.551365
786,389,2025-06-02 15:54:27.958686
786,372,2025-06-02 15:54:28.080919
782,365,2025-06-02 15:54:28.217213
780,359,2025-06-02 15:54:28.347048
777,354,2025-06-02 15:54:28.480770
778,351,2025-06-02 15:54:28.614225
776,349,2025-06-02 15:54:28.746357
1532,328,2025-06-02 15:54:29.698466
1542,327,2025-06-02 15:54:29.829332
1680,344,2025-06-02 15:54:30.513183
1686,344,2025-06-02 15:54:30.644740
863,405,2025-06-02 15:54:31.322923
823,408,2025-06-02 15:54:31.593989
818,408,2025-06-02 15:54:31.727754
914,433,2025-06-02 15:54:32.157988
926,444,2025-06-02 15:54:32.276827
934,449,2025-06-02 15:54:32.415192
935,456,2025-06-02 15:54:32.559842
1082,856,2025-06-02 15:54:32.991466
910,893,2025-06-02 15:54:33.688879
891,896,2025-06-02 15:54:33.826047
884,903,2025-06-02 15:54:33.960026
878,906,2025-06-02 15:54:34.092075
874,909,2025-06-02 15:54:34.228958
873,912,2025-06-02 15:54:34.359380
871,914,2025-06-02 15:54:34.491900
1137,287,2025-06-02 15:54:35.025059
1131,259,2025-06-02 15:54:35.318325
1120,253,2025-06-02 15:54:35.457441
1112,251,2025-06-02 15:54:35.589856
1105,248,2025-06-02 15:54:35.718789
1099,244,2025-06-02 15:54:35.856534
287,312,2025-06-02 15:54:36.419882
273,312,2025-06-02 15:54:36.557852
267,311,2025-06-02 15:54:36.690131
262,308,2025-06-02 15:54:36.838929
259,307,2025-06-02 15:54:36.973210
260,305,2025-06-02 15:54:37.107227
261,304,2025-06-02 15:54:37.240999
262,303,2025-06-02 15:54:37.375568
263,303,2025-06-02 15:54:37.521288
415,773,2025-06-02 15:58:14.667467
401,796,2025-06-02 15:58:15.184938
436,823,2025-06-02 15:58:15.451190
1029,256,2025-06-02 15:58:16.125221
1027,240,2025-06-02 15:58:16.267071
1023,233,2025-06-02 15:58:16.401065
1022,228,2025-06-02 15:58:16.537873
1022,223,2025-06-02 15:58:16.669109
365,191,2025-06-02 15:58:17.238025
348,191,2025-06-02 15:58:17.368809
340,190,2025-06-02 15:58:17.501114
336,192,2025-06-02 15:58:17.638193
333,190,2025-06-02 15:58:17.799596
335,189,2025-06-02 15:58:17.938436
340,190,2025-06-02 15:58:18.084762
1103,758,2025-06-02 15:58:18.663562
1111,775,2025-06-02 15:58:18.784004
1113,789,2025-06-02 15:58:18.921209
1117,797,2025-06-02 15:58:19.066109
1116,803,2025-06-02 15:58:19.199667
1118,809,2025-06-02 15:58:19.339902
1121,814,2025-06-02 15:58:19.482708
1119,819,2025-06-02 15:58:19.616201
173,755,2025-06-02 15:59:19.996552
160,678,2025-06-02 15:59:20.515680
160,668,2025-06-02 15:59:20.635002
161,658,2025-06-02 15:59:20.767738
162,652,2025-06-02 15:59:20.908285
162,646,2025-06-02 15:59:21.051143
164,643,2025-06-02 15:59:21.184314
161,636,2025-06-02 15:59:21.321333
161,628,2025-06-02 15:59:21.450726
162,623,2025-06-02 15:59:21.616372
141,661,2025-06-02 15:59:21.875746
134,646,2025-06-02 15:59:22.009970
140,602,2025-06-02 15:59:22.314677
865,326,2025-06-02 15:59:23.021954
874,321,2025-06-02 15:59:23.153333
876,314,2025-06-02 15:59:23.310581
873,306,2025-06-02 15:59:23.446761
870,304,2025-06-02 15:59:23.566457
866,304,2025-06-02 15:59:23.710470
862,303,2025-06-02 15:59:23.849225
861,301,2025-06-02 15:59:23.982130
1144,626,2025-06-02 15:59:24.511306
1165,654,2025-06-02 15:59:24.781102
1172,663,2025-06-02 15:59:24.915066
1176,670,2025-06-02 15:59:25.048382
1179,676,2025-06-02 15:59:25.193131
1183,680,2025-06-02 15:59:25.315735
1186,683,2025-06-02 15:59:25.448571
1179,696,2025-06-02 15:59:25.580596
917,869,2025-06-02 15:59:26.123033
900,873,2025-06-02 15:59:26.264561
1280,290,2025-06-02 15:59:26.953588
1282,278,2025-06-02 15:59:27.110489
1283,271,2025-06-02 15:59:27.245510
1278,268,2025-06-02 15:59:27.379413
1273,267,2025-06-02 15:59:27.514734
1269,265,2025-06-02 15:59:27.662616
1266,263,2025-06-02 15:59:27.795580
1264,263,2025-06-02 15:59:27.929615
1261,262,2025-06-02 15:59:28.050081
291,310,2025-06-02 15:59:28.583021
256,302,2025-06-02 15:59:28.849720
253,296,2025-06-02 15:59:28.978940
247,292,2025-06-02 15:59:29.115067
246,287,2025-06-02 15:59:29.245656
245,282,2025-06-02 15:59:29.378061
243,279,2025-06-02 15:59:29.515554
1112,789,2025-06-02 15:59:30.055593
1140,814,2025-06-02 15:59:30.360256
1145,820,2025-06-02 15:59:30.504637
1152,822,2025-06-02 15:59:30.631574
1515,205,2025-06-02 15:59:31.200813
1515,192,2025-06-02 15:59:31.342873
1510,182,2025-06-02 15:59:31.476212
1502,179,2025-06-02 15:59:31.617878
1495,178,2025-06-02 15:59:31.759635
1490,179,2025-06-02 15:59:31.893326
974,218,2025-06-02 15:59:32.296239
973,231,2025-06-02 15:59:32.440814
977,230,2025-06-02 15:59:32.562269
977,232,2025-06-02 15:59:32.695549
974,235,2025-06-02 15:59:32.839984
969,235,2025-06-02 15:59:32.975781
965,234,2025-06-02 15:59:33.118648
961,235,2025-06-02 15:59:33.258255
1156,952,2025-06-02 16:02:26.791030
1156,952,2025-06-02 16:02:27.140675
1274,266,2025-06-02 16:02:27.697404
1273,252,2025-06-02 16:02:27.835868
1272,245,2025-06-02 16:02:27.954848
1267,237,2025-06-02 16:02:28.090230
1261,231,2025-06-02 16:02:28.222999
1255,227,2025-06-02 16:02:28.373865
398,675,2025-06-02 16:02:29.375211
381,679,2025-06-02 16:02:29.520488
373,680,2025-06-02 16:02:29.653124
367,683,2025-06-02 16:02:29.788672
362,686,2025-06-02 16:02:29.936827
1255,731,2025-06-02 16:02:30.475926
1293,740,2025-06-02 16:02:30.752774
1303,744,2025-06-02 16:02:30.899487
1307,745,2025-06-02 16:02:31.019891
1317,737,2025-06-02 16:02:31.167826
1333,341,2025-06-02 16:02:31.576083
1330,309,2025-06-02 16:02:31.839248
1324,301,2025-06-02 16:02:31.984704
1320,296,2025-06-02 16:02:32.117692
1316,291,2025-06-02 16:02:32.251458
1313,289,2025-06-02 16:02:32.387462
1309,287,2025-06-02 16:02:32.533410
1306,286,2025-06-02 16:02:32.651678
1303,285,2025-06-02 16:02:32.788341
1300,283,2025-06-02 16:02:32.933261
1298,282,2025-06-02 16:02:33.077739
1296,281,2025-06-02 16:02:33.217892
1292,279,2025-06-02 16:02:33.366822
1289,277,2025-06-02 16:02:33.500337
1287,276,2025-06-02 16:02:33.633773
1285,274,2025-06-02 16:02:33.779037
524,799,2025-06-02 16:03:41.130939
1129,257,2025-06-02 16:03:41.871070
1141,226,2025-06-02 16:03:42.150737
1131,219,2025-06-02 16:03:42.295625
1124,217,2025-06-02 16:03:42.429452
1116,212,2025-06-02 16:03:42.571501
1109,212,2025-06-02 16:03:42.713100
1102,212,2025-06-02 16:03:42.849465
1365,836,2025-06-02 16:03:43.424669
1362,868,2025-06-02 16:03:43.726728
1357,871,2025-06-02 16:03:43.861922
1354,872,2025-06-02 16:03:43.995126
1351,874,2025-06-02 16:03:44.129116
1342,869,2025-06-02 16:03:44.272086
751,249,2025-06-02 16:03:44.821986
750,234,2025-06-02 16:03:44.961534
753,225,2025-06-02 16:03:45.095105
752,218,2025-06-02 16:03:45.240826
751,213,2025-06-02 16:03:45.364300
753,210,2025-06-02 16:03:45.509780
752,208,2025-06-02 16:03:45.627941
750,206,2025-06-02 16:03:45.775100
631,837,2025-06-02 16:03:46.184659
849,825,2025-06-02 16:03:46.891134
1214,316,2025-06-02 16:03:47.151936
1208,254,2025-06-02 16:03:47.426868
1200,239,2025-06-02 16:03:47.562304
1193,233,2025-06-02 16:03:47.692099
1188,228,2025-06-02 16:03:47.825781
1184,224,2025-06-02 16:03:47.958829
1179,222,2025-06-02 16:03:48.092506
1177,221,2025-06-02 16:03:48.226226
604,422,2025-06-02 16:03:48.959011
588,428,2025-06-02 16:03:49.107872
581,432,2025-06-02 16:03:49.240750
579,440,2025-06-02 16:03:49.376986
623,738,2025-06-02 16:03:49.665257
720,578,2025-06-02 16:03:50.087557
733,565,2025-06-02 16:03:50.208335
760,541,2025-06-02 16:03:50.477877
771,542,2025-06-02 16:03:50.610627
465,567,2025-06-02 16:03:51.042038
452,567,2025-06-02 16:03:51.178466
447,566,2025-06-02 16:03:51.321644
1251,1024,2025-06-02 16:03:51.906630
1246,1018,2025-06-02 16:03:52.054149
1089,950,2025-06-02 16:03:52.502930
1258,345,2025-06-02 16:03:53.706318
1247,334,2025-06-02 16:03:53.852801
1247,345,2025-06-02 16:03:54.018256
1782,1029,2025-06-02 16:03:54.540685
1797,1039,2025-06-02 16:03:54.685861
1804,1043,2025-06-02 16:03:54.804473
1806,1047,2025-06-02 16:03:54.937445
1808,1041,2025-06-02 16:03:55.083808
1804,1037,2025-06-02 16:03:55.235843
1349,857,2025-06-02 16:03:55.557819
665,394,2025-06-02 16:03:56.025358
643,366,2025-06-02 16:03:56.287056
636,360,2025-06-02 16:03:56.449808
633,355,2025-06-02 16:03:56.584771
635,352,2025-06-02 16:03:56.719172
1570,871,2025-06-02 16:03:57.393603
1577,887,2025-06-02 16:03:57.535238
1579,897,2025-06-02 16:03:57.668620
1582,906,2025-06-02 16:03:57.817639
1582,912,2025-06-02 16:03:57.965228
1584,915,2025-06-02 16:03:58.087126
1574,925,2025-06-02 16:03:58.234310
669,762,2025-06-02 16:30:41.245128
664,765,2025-06-02 16:30:41.618669
854,776,2025-06-02 16:30:41.886642
886,779,2025-06-02 16:30:42.169080
895,781,2025-06-02 16:30:42.311331
900,782,2025-06-02 16:30:42.445612
903,783,2025-06-02 16:30:42.578298
906,783,2025-06-02 16:30:42.723118
907,783,2025-06-02 16:30:42.862071
907,782,2025-06-02 16:30:42.995032
906,780,2025-06-02 16:30:43.128107
1376,140,2025-06-02 16:30:43.681849
1373,97,2025-06-02 16:30:43.961051
1374,90,2025-06-02 16:30:44.094569
613,199,2025-06-02 16:30:45.047499
376,233,2025-06-02 16:30:45.455419
223,265,2025-06-02 16:30:45.971722
54,353,2025-06-02 16:30:46.645350
40,364,2025-06-02 16:30:46.790494
35,372,2025-06-02 16:30:46.924005
28,377,2025-06-02 16:30:47.058685
26,383,2025-06-02 16:30:47.190235
24,389,2025-06-02 16:30:47.324531
20,393,2025-06-02 16:30:47.456699
18,659,2025-06-02 16:30:47.873765
12,1025,2025-06-02 16:30:48.278010
29,951,2025-06-02 16:30:48.690697
32,934,2025-06-02 16:30:48.823768
36,924,2025-06-02 16:30:48.956821
205,931,2025-06-02 16:30:49.365692
751,596,2025-06-02 16:30:49.607539
1054,307,2025-06-02 16:30:50.037254
1064,298,2025-06-02 16:30:50.172761
1068,291,2025-06-02 16:30:50.305994
1073,287,2025-06-02 16:30:50.437599
1077,283,2025-06-02 16:30:50.572636
1078,280,2025-06-02 16:30:50.705150
1319,919,2025-06-02 16:30:51.346906
1320,927,2025-06-02 16:30:51.488202
1328,932,2025-06-02 16:30:51.637863
1333,929,2025-06-02 16:30:51.775493
1334,925,2025-06-02 16:30:51.920588
1336,921,2025-06-02 16:30:52.061973
1336,917,2025-06-02 16:30:52.220478
1336,914,2025-06-02 16:30:52.355281
1335,910,2025-06-02 16:30:52.488506
183,955,2025-06-02 16:30:53.854187
904,311,2025-06-02 16:30:54.261827
912,296,2025-06-02 16:30:54.402004
911,286,2025-06-02 16:30:54.534410
906,283,2025-06-02 16:30:54.667894
901,280,2025-06-02 16:30:54.801181
896,280,2025-06-02 16:30:54.941070
890,281,2025-06-02 16:30:55.084164
1098,798,2025-06-02 16:30:55.608056
1094,852,2025-06-02 16:30:55.845265
1090,867,2025-06-02 16:30:55.974344
1090,880,2025-06-02 16:30:56.117171
1092,885,2025-06-02 16:30:56.249758
1093,890,2025-06-02 16:30:56.384036
1093,894,2025-06-02 16:30:56.519044
1093,896,2025-06-02 16:30:56.667242
695,887,2025-06-02 16:30:57.207841
684,887,2025-06-02 16:30:57.349134
395,914,2025-06-02 16:30:58.024399
377,908,2025-06-02 16:30:58.167212
364,906,2025-06-02 16:30:58.331014
764,387,2025-06-02 16:30:58.867033
735,329,2025-06-02 16:30:59.297527
725,324,2025-06-02 16:30:59.437115
716,318,2025-06-02 16:30:59.580547
709,316,2025-06-02 16:30:59.698597
705,311,2025-06-02 16:30:59.831223
900,364,2025-06-02 16:31:00.249721
1609,690,2025-06-02 16:31:00.926301
1626,699,2025-06-02 16:31:01.048654
1638,705,2025-06-02 16:31:01.197156
1642,709,2025-06-02 16:31:01.328492
1644,711,2025-06-02 16:31:01.447218
1645,713,2025-06-02 16:31:01.580515
352,860,2025-06-02 16:31:02.973053
208,502,2025-06-02 16:31:04.057302
197,454,2025-06-02 16:31:04.328614
1065,579,2025-06-02 16:31:05.686885
1095,598,2025-06-02 16:31:05.943899
1102,605,2025-06-02 16:31:06.076331
1106,613,2025-06-02 16:31:06.208553
1111,619,2025-06-02 16:31:06.343210
1140,647,2025-06-02 16:31:06.625234
1271,789,2025-06-02 16:31:06.892828
1276,797,2025-06-02 16:31:07.026004
1272,804,2025-06-02 16:31:07.157429
1430,102,2025-06-02 16:31:07.722357
1434,90,2025-06-02 16:31:07.859099
1433,84,2025-06-02 16:31:07.992062
1429,79,2025-06-02 16:31:08.131867
1427,74,2025-06-02 16:31:08.262482
1426,73,2025-06-02 16:31:08.392548
1424,71,2025-06-02 16:31:08.525733
1000,923,2025-06-02 16:31:08.917122
995,932,2025-06-02 16:31:09.045961
992,936,2025-06-02 16:31:09.190884
990,934,2025-06-02 16:31:09.324019
990,933,2025-06-02 16:31:09.487528
983,931,2025-06-02 16:31:09.630559
974,934,2025-06-02 16:31:09.774055
670,951,2025-06-02 16:31:10.305430
574,1004,2025-06-02 16:31:11.450135
